stck_bsop_date,bstp_nmix_prpr,bstp_nmix_oprc,bstp_nmix_hgpr,bstp_nmix_lwpr,acml_vol,acml_tr_pbmn,mod_yn,code,date,stck_clpr_float,daily_ret
20230118,311.91,313.62,314.14,310.11,93052,4402572,N,2001,2023-01-18,311.91,
20230119,313.81,310.08,313.81,310.04,86250,4301695,N,2001,2023-01-19,313.81,0.006091500753422352
20230120,315.58,313.99,315.76,312.59,78973,3966953,N,2001,2023-01-20,315.58,0.005640355629202398
20230125,320.76,320.81,321.48,319.75,97521,5108214,N,2001,2023-01-25,320.76,0.01641422143355098
20230126,325.57,321.82,325.57,320.49,117869,6422774,N,2001,2023-01-26,325.57,0.014995635366005677
20230127,327.98,326.22,329.71,324.98,156158,7350304,N,2001,2023-01-27,327.98,0.00740240194121089
20230130,322.67,328.09,328.97,322.35,141804,7646893,N,2001,2023-01-30,322.67,-0.01619001158607236
20230131,317.26,322.71,323.26,317.09,194663,8634519,N,2001,2023-01-31,317.26,-0.01676635571946583
20230201,321.19,320.54,321.64,318.61,140522,6544556,N,2001,2023-02-01,321.19,0.012387316396646364
20230202,323.93,325.94,326.73,321.97,152767,7307002,N,2001,2023-02-02,323.93,0.0085307761760951
20230203,325.86,323.58,326.49,322.39,122862,6514550,N,2001,2023-02-03,325.86,0.005958077362393066
20230206,318.83,322.90,323.71,318.82,115869,5563997,N,2001,2023-02-06,318.83,-0.021573681949303425
20230207,320.55,319.36,321.45,318.20,113209,5635318,N,2001,2023-02-07,320.55,0.0053947244613117284
20230208,325.63,323.27,326.43,322.81,121204,6160316,N,2001,2023-02-08,325.63,0.01584776165964752
20230209,324.90,323.71,325.80,322.83,131430,6925196,N,2001,2023-02-09,324.9,-0.002241808187206429
20230210,323.69,323.30,324.18,321.62,125806,6354241,N,2001,2023-02-10,323.69,-0.003724222837796165
20230213,321.75,322.66,323.04,319.78,121922,5641841,N,2001,2023-02-13,321.75,-0.005993388736136418
20230214,323.47,324.50,325.80,322.83,103204,5258820,N,2001,2023-02-14,323.47,0.005345765345765363
20230215,317.99,324.43,324.54,317.41,136827,6976490,N,2001,2023-02-15,317.99,-0.0169412928555972
20230216,324.10,320.00,324.35,319.63,133653,6873868,N,2001,2023-02-16,324.1,0.019214440705682678
20230217,320.78,320.15,323.67,320.01,119733,5815930,N,2001,2023-02-17,320.78,-0.01024375192841731
20230220,321.79,321.07,322.97,318.15,113034,5639846,N,2001,2023-02-20,321.79,0.0031485753475903877
20230221,321.56,322.16,322.88,320.02,117781,5195077,N,2001,2023-02-21,321.56,-0.0007147518568010325
20230222,315.94,317.94,318.74,315.83,131261,5930930,N,2001,2023-02-22,315.94,-0.017477298171414413
20230223,319.44,317.77,321.13,317.09,144600,5656010,N,2001,2023-02-23,319.44,0.011078052794834425
20230224,316.94,319.89,321.27,316.80,120132,5058698,N,2001,2023-02-24,316.94,-0.007826195842724815
20230227,313.94,314.29,314.43,311.63,109326,4841116,N,2001,2023-02-27,313.94,-0.009465513977409024
20230228,314.80,315.75,317.69,314.13,131220,6531968,N,2001,2023-02-28,314.8,0.0027393769510097865
20230302,316.26,315.30,318.88,314.40,134687,6585637,N,2001,2023-03-02,316.26,0.004637865311308609
20230303,316.36,317.69,318.30,315.30,113904,5644637,N,2001,2023-03-03,316.36,0.00031619553531903044
20230306,320.94,319.22,321.29,317.87,126068,6946705,N,2001,2023-03-06,320.94,0.014477177898596594
20230307,319.80,320.04,321.92,319.64,132306,7567963,N,2001,2023-03-07,319.8,-0.0035520658066927613
20230308,315.38,316.14,316.88,314.77,143257,7428512,N,2001,2023-03-08,315.38,-0.0138211382113822
20230309,314.04,316.57,317.19,313.59,166457,7826472,N,2001,2023-03-09,314.04,-0.004248842665990127
20230310,310.65,310.15,311.55,309.12,121793,5784256,N,2001,2023-03-10,310.65,-0.010794803209782322
20230313,313.21,311.77,313.69,308.03,125378,5887629,N,2001,2023-03-13,313.21,0.008240785449863175
20230314,305.58,310.18,310.35,305.45,129873,5736254,N,2001,2023-03-14,305.58,-0.024360652597298915
20230315,309.10,309.75,311.42,307.81,112057,5480005,N,2001,2023-03-15,309.1,0.011519078473722244
20230316,308.39,305.87,309.27,304.63,111884,6171423,N,2001,2023-03-16,308.39,-0.0022969912649629665
20230317,312.07,312.20,312.68,309.80,126075,6707529,N,2001,2023-03-17,312.07,0.011932942053892726
20230320,309.49,311.59,313.44,309.39,89484,4321397,N,2001,2023-03-20,309.49,-0.008267375909251085
20230321,310.36,311.86,312.05,309.64,84166,4117286,N,2001,2023-03-21,310.36,0.002811076286794334
20230322,314.11,313.33,314.26,311.94,93690,5073664,N,2001,2023-03-22,314.11,0.012082742621471798
20230323,315.75,311.51,315.75,311.41,111563,5903190,N,2001,2023-03-23,315.75,0.005221100888223917
20230324,314.30,315.17,315.86,312.49,110749,5880335,N,2001,2023-03-24,314.3,-0.00459224069675368
20230327,312.85,314.83,314.84,311.24,100987,5418111,N,2001,2023-03-27,312.85,-0.004613426662424369
20230328,316.36,314.15,316.36,313.49,120383,5393876,N,2001,2023-03-28,316.36,0.011219434233658232
20230329,317.01,315.68,317.03,314.94,152849,5898627,N,2001,2023-03-29,317.01,0.0020546213174863492
20230330,318.05,318.51,319.48,316.78,187350,7712731,N,2001,2023-03-30,318.05,0.0032806536071416925
20230331,322.03,319.60,322.54,319.17,194245,9773752,N,2001,2023-03-31,322.03,0.01251375569878932
20230417,333.92,333.62,334.30,332.18,244966,9129521,N,2001,2023-04-17,333.92,0.036922025898208366
20230418,333.50,334.93,334.97,331.35,238294,9609388,N,2001,2023-04-18,333.5,-0.0012577862961188346
20230419,333.77,333.34,334.96,332.96,167722,7922071,N,2001,2023-04-19,333.77,0.0008095952023987607
20230420,332.66,332.42,333.65,331.18,176356,7756610,N,2001,2023-04-20,332.66,-0.0033256434071364804
20230421,330.94,332.08,332.49,329.56,146585,7684554,N,2001,2023-04-21,330.94,-0.005170444297481036
20230424,328.70,329.99,330.35,328.06,133289,7142860,N,2001,2023-04-24,328.7,-0.006768598537499226
20230425,324.48,329.70,329.88,322.47,163595,9016261,N,2001,2023-04-25,324.48,-0.012838454517797304
20230426,323.97,324.57,325.61,323.30,142149,7716582,N,2001,2023-04-26,323.97,-0.0015717455621301335
20230427,325.09,323.78,325.74,321.18,147057,7293515,N,2001,2023-04-27,325.09,0.0034571102262552778
20230428,326.46,327.35,328.56,324.77,156836,8398306,N,2001,2023-04-28,326.46,0.004214217601279602
20230502,329.09,326.99,329.49,326.74,113910,6302045,N,2001,2023-05-02,329.09,0.00805611713533061
20230503,326.52,326.99,327.93,325.83,103771,5265714,N,2001,2023-05-03,326.52,-0.007809413838159807
20230504,326.17,325.75,326.33,324.26,98920,5457241,N,2001,2023-05-04,326.17,-0.0010719098370696178
20230508,328.90,329.01,330.05,328.20,98841,5998698,N,2001,2023-05-08,328.9,0.00836986847349519
20230509,328.22,328.68,328.92,326.81,90985,5559999,N,2001,2023-05-09,328.22,-0.0020674977196715183
20230510,326.04,327.73,327.90,324.94,97557,5631541,N,2001,2023-05-10,326.04,-0.006641886539516251
20230511,325.28,327.18,328.43,325.28,99133,5725482,N,2001,2023-05-11,325.28,-0.002331002331002474
20230512,323.61,324.83,325.24,322.97,99540,5121699,N,2001,2023-05-12,323.61,-0.005134038366945259
20230515,324.46,322.99,324.56,321.61,89271,4629262,N,2001,2023-05-15,324.46,0.0026266184604923914
20230516,325.31,327.01,327.72,324.60,104621,5270019,N,2001,2023-05-16,325.31,0.00261973740985022
20230517,326.61,325.61,327.54,324.82,92270,4617096,N,2001,2023-05-17,326.61,0.003996188251206512
20230518,329.84,329.07,329.87,327.68,94714,4922323,N,2001,2023-05-18,329.84,0.009889470622454821
20230519,334.23,332.67,334.27,332.00,108742,6012181,N,2001,2023-05-19,334.23,0.013309483385884224
20230522,336.27,334.50,337.66,333.43,111138,5561375,N,2001,2023-05-22,336.27,0.006103581366124988
20230523,337.09,337.32,338.54,336.37,88884,4998627,N,2001,2023-05-23,337.09,0.002438516668153534
20230524,336.49,335.36,337.32,335.09,95146,4643421,N,2001,2023-05-24,336.49,-0.00177994007535065
20230525,335.35,337.72,338.20,334.98,94201,5576695,N,2001,2023-05-25,335.35,-0.0033879164313946886
20230526,337.11,336.87,338.06,335.89,106705,5943226,N,2001,2023-05-26,337.11,0.0052482480990010405
20230530,341.50,340.53,341.74,339.73,130053,8211719,N,2001,2023-05-30,341.5,0.013022455578297842
20230531,339.12,341.55,342.51,339.04,191232,11285745,N,2001,2023-05-31,339.12,-0.006969253294289879
20230601,338.08,338.36,339.61,337.29,96806,5825988,N,2001,2023-06-01,338.08,-0.003066761028544529
20230602,342.67,340.57,342.68,340.12,97314,6287544,N,2001,2023-06-02,342.67,0.013576668244202672
20230605,343.91,344.89,344.95,343.04,117540,5859589,N,2001,2023-06-05,343.91,0.0036186418420054434
20230607,343.22,344.76,345.63,343.03,115841,6698467,N,2001,2023-06-07,343.22,-0.0020063388677270533
20230608,342.75,342.16,342.75,340.48,155259,8223938,N,2001,2023-06-08,342.75,-0.0013693840685276015
20230609,346.79,344.28,347.42,343.34,139698,7684518,N,2001,2023-06-09,346.79,0.011787016776075854
20230612,344.57,347.54,348.18,343.70,115930,5698324,N,2001,2023-06-12,344.57,-0.006401568672683822
20230613,346.39,346.92,347.46,345.38,119446,6632965,N,2001,2023-06-13,346.39,0.005281945613373251
20230614,344.65,346.49,346.88,343.69,124558,7736322,N,2001,2023-06-14,344.65,-0.005023239700915227
20230615,343.19,345.93,346.58,342.72,117106,6745844,N,2001,2023-06-15,343.19,-0.004236181633541225
20230616,345.17,345.09,345.35,343.13,153589,7736293,N,2001,2023-06-16,345.17,0.0057693988752587355
20230619,343.13,344.36,344.55,341.98,120263,6963634,N,2001,2023-06-19,343.13,-0.005910131239679095
20230620,342.58,341.98,343.02,341.15,157399,7244524,N,2001,2023-06-20,342.58,-0.0016028910325532886
20230621,339.44,341.48,342.03,338.98,126950,6913816,N,2001,2023-06-21,339.44,-0.009165742308365865
20230622,341.12,338.52,341.56,338.46,103389,5779891,N,2001,2023-06-22,341.12,0.004949328305444256
20230623,338.45,341.95,342.21,338.21,100436,5393043,N,2001,2023-06-23,338.45,-0.007827157598499057
20230626,340.38,338.38,340.78,337.62,101453,5651364,N,2001,2023-06-26,340.38,0.0057024671295613505
20230627,340.32,340.42,340.45,338.65,97622,5697822,N,2001,2023-06-27,340.32,-0.0001762735765908907
20230628,338.41,341.38,341.60,337.60,96687,5864582,N,2001,2023-06-28,338.41,-0.005612364833098127
20230629,336.39,338.46,340.34,336.39,105439,5646768,N,2001,2023-06-29,336.39,-0.005969090747909411
20230719,343.11,345.61,345.69,341.78,123777,7905985,N,2001,2023-07-19,343.11,0.019976812628199392
20230720,341.67,341.37,343.29,340.62,116380,6938620,N,2001,2023-07-20,341.67,-0.004196904782722721
20230721,342.39,339.19,342.39,337.45,130846,9892910,N,2001,2023-07-21,342.39,0.002107296514180179
20230724,344.32,341.98,345.87,340.67,151454,14838460,N,2001,2023-07-24,344.32,0.005636846870527679
20230725,344.92,345.78,346.27,342.93,200892,15078063,N,2001,2023-07-25,344.92,0.0017425650557620909
20230726,340.56,345.18,345.42,339.53,296537,30537102,N,2001,2023-07-26,340.56,-0.012640612315899413
20230727,344.76,341.64,345.50,340.58,238862,20393085,N,2001,2023-07-27,344.76,0.01233262861169826
20230728,344.03,343.55,344.34,341.31,197316,13896926,N,2001,2023-07-28,344.03,-0.002117415013342616
20230731,345.62,346.50,347.18,344.72,168148,12853489,N,2001,2023-07-31,345.62,0.004621689968898224
20230801,351.00,347.35,351.23,346.56,171253,12746206,N,2001,2023-08-01,351.0,0.015566228806203286
20230802,343.80,349.10,349.74,343.25,173994,11758447,N,2001,2023-08-02,343.8,-0.02051282051282044
20230803,341.54,344.80,345.05,340.10,169191,10148539,N,2001,2023-08-03,341.54,-0.006573589296102411
20230804,341.25,341.60,342.72,340.62,118844,7770010,N,2001,2023-08-04,341.25,-0.0008490952743456237
20230807,339.68,339.60,343.18,339.46,117859,9069975,N,2001,2023-08-07,339.68,-0.004600732600732571
20230808,337.95,342.12,342.62,337.25,127774,8629259,N,2001,2023-08-08,337.95,-0.0050930287329251644
20230809,341.61,339.00,342.38,338.45,115525,7886431,N,2001,2023-08-09,341.61,0.010830004438526553
20230810,340.46,339.69,340.46,339.09,164734,8882538,N,2001,2023-08-10,340.46,-0.003366411990281426
20230811,338.98,341.88,343.03,338.80,128908,7520583,N,2001,2023-08-11,338.98,-0.004347059860189018
20230814,336.33,338.58,339.52,335.28,125087,7013972,N,2001,2023-08-14,336.33,-0.007817570358133352
20230816,331.28,333.69,334.17,330.54,126660,7665363,N,2001,2023-08-16,331.28,-0.01501501501501501
20230817,330.23,329.63,330.43,325.74,117990,7284433,N,2001,2023-08-17,330.23,-0.0031695242695000125
20230818,328.42,326.90,330.65,326.24,119156,6558915,N,2001,2023-08-18,328.42,-0.005481028374163421
20230821,328.84,329.45,331.09,328.30,100072,5306601,N,2001,2023-08-21,328.84,0.0012788502527250056
20230822,329.70,331.65,332.53,328.69,93981,5506519,N,2001,2023-08-22,329.7,0.0026152536187811215
20230823,329.15,328.95,330.22,327.87,87579,4908115,N,2001,2023-08-23,329.15,-0.0016681831968456962
20230824,333.82,333.14,334.04,332.14,105020,7005814,N,2001,2023-08-24,333.82,0.01418806015494467
20230825,330.25,329.31,331.40,328.66,82420,5183029,N,2001,2023-08-25,330.25,-0.010694386196153594
20230828,332.53,332.10,332.67,330.87,95136,5316398,N,2001,2023-08-28,332.53,0.0069038607115821105
20230829,333.76,333.57,334.46,332.70,88518,5374375,N,2001,2023-08-29,333.76,0.003698914383664764
20230830,334.94,337.11,337.69,334.94,89255,5261255,N,2001,2023-08-30,334.94,0.0035354745925215703
20230831,334.75,335.38,336.06,333.39,146249,8353484,N,2001,2023-08-31,334.75,-0.0005672657789455027
20230901,338.28,334.11,338.95,334.07,119774,7125172,N,2001,2023-09-01,338.28,0.010545182972367284
20230904,341.02,339.10,341.02,337.60,96695,6508907,N,2001,2023-09-04,341.02,0.008099798983090878
20230905,340.29,340.15,341.45,339.25,82753,5134979,N,2001,2023-09-05,340.29,-0.002140636912790872
20230906,337.85,339.66,340.48,337.36,91706,5420049,N,2001,2023-09-06,337.85,-0.007170354697463965
20230907,336.74,336.93,338.02,335.08,88386,5855713,N,2001,2023-09-07,336.74,-0.003285481722658079
20230908,336.40,336.29,336.66,333.92,79833,5163660,N,2001,2023-09-08,336.4,-0.0010096810595713324
20230911,337.58,336.52,337.62,335.33,112565,6057232,N,2001,2023-09-11,337.58,0.0035077288941736118
20230912,335.54,338.51,338.81,335.28,94676,6577900,N,2001,2023-09-12,335.54,-0.006043012026778705
20230913,335.99,335.83,337.61,334.67,106779,6586600,N,2001,2023-09-13,335.99,0.0013411217738570347
20230914,341.19,337.34,341.19,336.64,121377,7339688,N,2001,2023-09-14,341.19,0.015476651090806204
20230915,344.98,341.56,346.29,341.02,159760,8612804,N,2001,2023-09-15,344.98,0.011108180192854533
20230918,340.67,342.98,344.39,340.51,100512,5807078,N,2001,2023-09-18,340.67,-0.012493477882775772
20230919,338.82,341.50,342.18,338.21,96051,5150652,N,2001,2023-09-19,338.82,-0.005430475239968313
20230920,338.75,338.54,339.87,337.57,104346,4864915,N,2001,2023-09-20,338.75,-0.0002065993742990102
20230921,333.04,336.73,337.54,333.01,96329,5422533,N,2001,2023-09-21,333.04,-0.016856088560885496
20230922,332.02,329.90,332.59,329.11,87028,4845964,N,2001,2023-09-22,332.02,-0.003062695171751284
20230925,331.58,331.40,332.65,330.10,84400,5404392,N,2001,2023-09-25,331.58,-0.0013252213722064754
20230926,326.90,331.51,331.56,326.63,90025,5104544,N,2001,2023-09-26,326.9,-0.014114240907171727
20230927,326.71,325.05,327.50,324.73,81603,5135896,N,2001,2023-09-27,326.71,-0.0005812174977056772
20231017,327.35,325.70,328.26,325.01,88461,5216247,N,2001,2023-10-17,327.35,0.0019589238162285305
20231018,328.82,326.32,329.06,326.12,134130,5961952,N,2001,2023-10-18,328.82,0.004490606384603524
20231019,322.76,324.75,325.08,322.40,115714,6112652,N,2001,2023-10-19,322.76,-0.018429535916306805
20231020,317.96,319.45,320.18,316.28,112714,6689660,N,2001,2023-10-20,317.96,-0.014871731317387615
20231023,315.50,317.43,318.30,315.09,89162,4886900,N,2001,2023-10-23,315.5,-0.007736822241791397
20231024,318.43,317.34,318.63,311.77,93256,5696795,N,2001,2023-10-24,318.43,0.009286846275752714
20231025,316.49,319.26,319.59,316.30,91218,5990648,N,2001,2023-10-25,316.49,-0.00609239079232482
20231026,307.75,311.36,312.37,307.75,110774,7147844,N,2001,2023-10-26,307.75,-0.027615406489936545
20231027,308.53,309.68,310.43,307.24,92934,5978754,N,2001,2023-10-27,308.53,0.002534524776604208
20231030,308.95,307.01,310.12,306.89,95848,4917393,N,2001,2023-10-30,308.95,0.00136129387741879
20231031,305.56,310.49,311.58,305.14,121721,6285058,N,2001,2023-10-31,305.56,-0.010972649296002501
20231101,309.71,307.55,310.41,307.33,88982,5182959,N,2001,2023-11-01,309.71,0.013581620630972457
20231102,315.16,314.59,316.51,314.12,112376,6154687,N,2001,2023-11-02,315.16,0.017597106971037668
20231103,318.24,317.96,318.76,316.50,89968,5611099,N,2001,2023-11-03,318.24,0.00977281380885886
20231106,334.16,322.62,334.16,321.57,174432,12972622,N,2001,2023-11-06,334.16,0.05002513826043242
20231107,327.29,330.70,330.70,323.89,119879,9766987,N,2001,2023-11-07,327.29,-0.02055901364615753
20231108,324.00,329.44,330.42,323.36,89899,5886708,N,2001,2023-11-08,324.0,-0.010052247242506751
20231109,325.29,324.38,326.89,323.32,93288,5769303,N,2001,2023-11-09,325.29,0.003981481481481586
20231110,323.75,322.78,324.18,321.26,65664,4034318,N,2001,2023-11-10,323.75,-0.0047342371422424145
20231113,323.31,326.78,327.63,322.64,68730,3980031,N,2001,2023-11-13,323.31,-0.0013590733590733706
20231114,326.57,326.12,327.80,325.80,75471,4611334,N,2001,2023-11-14,326.57,0.01008320188054812
20231115,333.96,333.15,333.97,330.99,117057,6891977,N,2001,2023-11-15,333.96,0.02262914535934102
20231116,334.31,333.52,334.90,332.16,80857,4697910,N,2001,2023-11-16,334.31,0.0010480297041561837
20231117,332.06,332.91,333.71,331.16,72720,4237131,N,2001,2023-11-17,332.06,-0.006730280278783196
20231120,334.23,331.30,335.56,331.05,73758,4003910,N,2001,2023-11-20,334.23,0.006534963560802298
20231121,336.57,336.12,337.75,335.64,80861,4346524,N,2001,2023-11-21,336.57,0.007001166861143382
20231122,336.81,334.08,337.56,333.46,72501,3758337,N,2001,2023-11-22,336.81,0.0007130760317319851
20231123,336.91,337.46,338.02,335.79,72835,3646103,N,2001,2023-11-23,336.91,0.00029690329859577425
20231124,334.00,337.26,337.88,334.00,73066,3662765,N,2001,2023-11-24,334.0,-0.008637321539877174
20231127,333.67,334.42,336.04,332.58,72979,3818829,N,2001,2023-11-27,333.67,-0.0009880239520957401
20231128,337.52,335.15,337.65,334.49,97439,4918948,N,2001,2023-11-28,337.52,0.011538346270266953
20231129,336.62,336.64,337.10,334.34,88758,4959227,N,2001,2023-11-29,336.62,-0.0026665086513391056
20231130,338.43,335.61,338.43,334.90,169524,7868480,N,2001,2023-11-30,338.43,0.005376982948131381
20231201,334.80,336.71,336.73,334.41,95304,5228456,N,2001,2023-12-01,334.8,-0.010725999468132241
20231204,336.14,337.20,337.76,335.63,90946,5692954,N,2001,2023-12-04,336.14,0.004002389486260416
20231205,332.85,335.21,335.27,332.61,93826,5277934,N,2001,2023-12-05,332.85,-0.009787588504789557
20231206,333.45,334.30,335.47,333.45,86198,4679218,N,2001,2023-12-06,333.45,0.0018026137899953554
20231207,332.67,332.95,333.96,331.42,85654,4849770,N,2001,2023-12-07,332.67,-0.002339181286549641
20231208,336.60,335.33,337.27,334.91,72001,4722429,N,2001,2023-12-08,336.6,0.011813508882676516
20231211,337.93,337.68,338.21,335.77,80191,5131826,N,2001,2023-12-11,337.93,0.00395127748068913
20231212,339.77,339.42,340.69,338.81,96195,5623852,N,2001,2023-12-12,339.77,0.0054449146272896876
20231213,336.68,339.09,339.46,336.54,74855,4780375,N,2001,2023-12-13,336.68,-0.009094387379697921
20231214,341.33,341.97,342.68,339.39,156814,9839119,N,2001,2023-12-14,341.33,0.013811334204585801
20231215,343.99,343.43,345.68,342.94,144477,9998849,N,2001,2023-12-15,343.99,0.007793044853953823
20231218,343.50,344.36,344.51,342.23,126758,7351678,N,2001,2023-12-18,343.5,-0.001424460013372486
20231219,343.95,343.18,344.15,342.17,165175,6080933,N,2001,2023-12-19,343.95,0.0013100436681221517
20231220,350.11,346.67,350.40,346.22,213300,8087383,N,2001,2023-12-20,350.11,0.017909579880796667
20231221,348.78,348.25,349.78,346.70,128069,6226365,N,2001,2023-12-21,348.78,-0.0037988060895148834
20231222,349.15,351.68,352.33,349.15,114793,5818011,N,2001,2023-12-22,349.15,0.0010608406445324903
20231226,350.43,350.57,351.16,349.00,109353,5670002,N,2001,2023-12-26,350.43,0.0036660461119863985
20240111,340.28,340.32,342.79,339.93,163529,10830682,N,2001,2024-01-11,340.28,-0.028964415147105127
20240112,338.22,339.79,341.05,337.22,86833,5165402,N,2001,2024-01-12,338.22,-0.006053838015751545
20240115,339.24,338.61,340.54,337.66,86541,5149924,N,2001,2024-01-15,339.24,0.0030157885400035056
20240116,334.73,337.76,338.74,334.22,94325,5907582,N,2001,2024-01-16,334.73,-0.01329442282749671
20240117,326.11,335.51,336.06,326.06,134916,7402514,N,2001,2024-01-17,326.11,-0.025752098706420146
20240118,327.13,326.88,328.78,325.10,98179,5762696,N,2001,2024-01-18,327.13,0.0031277789702861547
20240119,332.99,331.60,333.27,330.63,102425,6533343,N,2001,2024-01-19,332.99,0.01791336777427932
20240122,332.63,335.76,336.15,332.63,92552,6073842,N,2001,2024-01-22,332.63,-0.001081113546953394
20240123,334.97,334.87,335.12,332.23,95068,5396094,N,2001,2024-01-23,334.97,0.007034843519826861
20240124,333.27,334.45,334.66,331.01,100934,5121258,N,2001,2024-01-24,333.27,-0.0050750813505688885
20240125,333.80,333.20,334.19,331.37,101107,5982910,N,2001,2024-01-25,333.8,0.0015903021574099618
20240126,334.21,331.99,337.67,331.28,86543,5279004,N,2001,2024-01-26,334.21,0.001228280407429505
20240129,337.84,335.68,340.51,334.66,114357,6649546,N,2001,2024-01-29,337.84,0.010861434427455796
20240130,337.48,340.96,341.62,337.08,128282,6512150,N,2001,2024-01-30,337.48,-0.0010655931802034946
20240131,336.24,335.50,337.20,335.15,126918,6810309,N,2001,2024-01-31,336.24,-0.0036742918098850996
20240201,342.41,335.89,342.48,335.89,243069,10373116,N,2001,2024-02-01,342.41,0.01834998810373545
20240202,353.43,345.10,353.44,344.94,212399,11413169,N,2001,2024-02-02,353.43,0.03218363949651004
20240205,349.15,352.70,352.96,344.95,189505,10098040,N,2001,2024-02-05,349.15,-0.012109894462835724
20240206,347.80,348.23,350.43,345.52,132642,7671998,N,2001,2024-02-06,347.8,-0.0038665330087354066
20240207,352.25,349.80,354.71,348.96,246755,8943338,N,2001,2024-02-07,352.25,0.012794709603220156
20240208,353.29,353.44,354.96,352.00,192010,9205597,N,2001,2024-02-08,353.29,0.0029524485450673765
20240213,357.38,356.85,358.68,356.10,156044,9641036,N,2001,2024-02-13,357.38,0.011576891505561848
20240214,352.69,351.52,353.77,350.62,120508,6871845,N,2001,2024-02-14,352.69,-0.013123286138004397
20240215,351.21,355.83,356.02,351.21,121342,7625383,N,2001,2024-02-15,351.21,-0.00419631971419665
20240216,355.52,354.19,355.58,352.17,121461,7247898,N,2001,2024-02-16,355.52,0.01227186014065662
20240219,360.88,356.40,361.32,356.40,139812,7604141,N,2001,2024-02-19,360.88,0.01507650765076507
20240220,356.92,359.53,359.92,355.07,119319,7227527,N,2001,2024-02-20,356.92,-0.01097317667922848
20240221,356.04,357.07,358.81,354.69,109116,6403253,N,2001,2024-02-21,356.04,-0.002465538496021491
20240222,357.67,358.87,358.97,355.86,128282,7813550,N,2001,2024-02-22,357.67,0.004578137287945205
20240223,358.57,360.40,362.72,358.18,133370,8111795,N,2001,2024-02-23,358.57,0.002516285961920106
20240226,355.48,356.75,357.14,352.91,140519,7685196,N,2001,2024-02-26,355.48,-0.008617564213403206
20240227,352.76,356.39,356.42,352.02,137864,8051586,N,2001,2024-02-27,352.76,-0.007651625970518827
20240228,356.79,353.06,357.51,352.31,127224,7221196,N,2001,2024-02-28,356.79,0.011424197754847487
20240229,355.57,355.38,356.46,353.29,187600,10471393,N,2001,2024-02-29,355.57,-0.003419378345805746
20240304,361.10,358.99,361.98,358.48,152490,9205465,N,2001,2024-03-04,361.1,0.015552493179964655
20240305,357.59,359.39,362.54,357.59,134877,8919738,N,2001,2024-03-05,357.59,-0.009720299086125817
20240306,356.25,356.01,357.25,354.52,123866,7975202,N,2001,2024-03-06,356.25,-0.0037473083699207654
20240307,356.82,357.80,358.61,354.96,120270,7917130,N,2001,2024-03-07,356.82,0.0016000000000000458
20240308,361.71,360.87,362.72,360.01,117520,8377419,N,2001,2024-03-08,361.71,0.01370438876744573
20240311,358.34,359.31,360.94,358.20,120789,6521311,N,2001,2024-03-11,358.34,-0.009316856044897848
20240312,361.11,359.95,362.00,357.88,125853,7218310,N,2001,2024-03-12,361.11,0.007730088742535113
20240313,363.04,363.15,364.43,361.26,133917,7742197,N,2001,2024-03-13,363.04,0.005344631829636404
20240314,366.68,363.85,366.68,363.50,266384,11326084,N,2001,2024-03-14,366.68,0.010026443367121995
20240315,359.39,364.12,364.67,359.39,201924,10248952,N,2001,2024-03-15,359.39,-0.019881095232900714
20240318,361.31,360.74,361.77,358.53,120544,6576183,N,2001,2024-03-18,361.31,0.00534238570911838
20240319,357.33,359.03,359.07,355.51,147010,7523909,N,2001,2024-03-19,357.33,-0.011015471478785566
20240320,363.32,361.07,363.58,359.93,147686,9751062,N,2001,2024-03-20,363.32,0.01676321607477682
20240321,373.66,369.97,373.82,368.82,154726,10714919,N,2001,2024-03-21,373.66,0.028459759991192435
20240322,372.65,373.27,375.10,370.71,138510,8682217,N,2001,2024-03-22,372.65,-0.002702992024835593
20240325,370.73,373.69,375.23,369.77,118921,7113481,N,2001,2024-03-25,370.73,-0.005152287669394795
20240408,372.51,372.62,373.96,371.60,117623,7527916,N,2001,2024-04-08,372.51,0.004801337900898206
20240409,370.27,374.66,375.47,369.96,124592,7229744,N,2001,2024-04-09,370.27,-0.0060132613889559705
20240411,370.72,364.53,372.49,364.18,147049,8985039,N,2001,2024-04-11,370.72,0.001215329354255168
20240412,367.25,371.20,371.43,366.48,163654,8324438,N,2001,2024-04-12,367.25,-0.009360164005179139
20240415,365.31,364.28,365.74,361.01,122918,7405446,N,2001,2024-04-15,365.31,-0.005282505105513979
20240416,356.67,361.51,362.05,355.20,137545,8637745,N,2001,2024-04-16,356.67,-0.02365114560236503
20240417,352.79,358.21,359.11,352.79,108346,7069096,N,2001,2024-04-17,352.79,-0.010878403005579407
20240418,359.06,354.25,360.33,353.48,155192,7954205,N,2001,2024-04-18,359.06,0.01777261260239804
20240419,352.58,353.90,355.37,347.12,163740,9830994,N,2001,2024-04-19,352.58,-0.018047123043502533
20240422,356.89,355.68,357.48,353.72,152400,8772676,N,2001,2024-04-22,356.89,0.012224176073515336
20240423,355.98,357.56,358.83,355.86,131149,7992607,N,2001,2024-04-23,355.98,-0.0025498052621254486
20240424,363.60,361.66,364.07,361.34,115524,7652152,N,2001,2024-04-24,363.6,0.02140569694926686
20240425,356.51,359.05,360.57,356.51,107773,6821042,N,2001,2024-04-25,356.51,-0.01949944994499464
20240426,361.02,360.18,362.08,358.98,154221,7719229,N,2001,2024-04-26,361.02,0.012650416538105391
20240429,364.48,363.71,364.73,362.13,145791,7614802,N,2001,2024-04-29,364.48,0.009583956567503327
20240430,365.13,365.17,367.94,364.20,130227,7931297,N,2001,2024-04-30,365.13,0.0017833625987708768
20240502,364.31,363.37,365.69,363.37,107165,6700713,N,2001,2024-05-02,364.31,-0.002245775477227263
20240503,363.58,367.57,367.91,363.58,90444,5565774,N,2001,2024-05-03,363.58,-0.0020037879827620175
20240507,372.80,370.06,372.80,369.85,157573,8291262,N,2001,2024-05-07,372.8,0.025358930634248322
20240508,374.09,372.32,374.12,371.58,126970,5714688,N,2001,2024-05-08,374.09,0.0034603004291844375
20240509,368.83,373.70,374.46,368.76,146397,7341228,N,2001,2024-05-09,368.83,-0.014060787511026684
20240510,371.08,372.73,373.80,370.41,141852,7030225,N,2001,2024-05-10,371.08,0.006100371444839103
20240513,370.99,372.10,373.04,368.79,204946,8200300,N,2001,2024-05-13,370.99,-0.0002425353023606247
20240514,371.04,371.69,372.12,369.90,124260,5959609,N,2001,2024-05-14,371.04,0.00013477452222443453
20240516,374.60,377.33,378.05,373.93,182170,8846987,N,2001,2024-05-16,374.6,0.009594652867615405
20240517,370.58,374.43,374.69,370.46,123112,7065409,N,2001,2024-05-17,370.58,-0.010731446876668493
20240520,373.68,373.20,375.70,372.22,154406,8320813,N,2001,2024-05-20,373.68,0.00836526525986292
20240521,371.55,372.39,373.07,370.90,119552,6813930,N,2001,2024-05-21,371.55,-0.005700064226075829
20240522,371.41,371.14,372.69,368.72,139386,8226728,N,2001,2024-05-22,371.41,-0.0003767998923428495
20240523,371.62,370.85,373.72,368.90,136077,8191622,N,2001,2024-05-23,371.62,0.0005654128860288488
20240524,366.08,367.35,367.69,365.27,127064,8179934,N,2001,2024-05-24,366.08,-0.014907701415424413
20240527,371.16,366.98,371.86,366.29,216890,11520277,N,2001,2024-05-27,371.16,0.013876748251748339
20240528,371.33,369.71,372.34,369.58,144572,7863835,N,2001,2024-05-28,371.33,0.00045802349391088626
20240529,364.96,371.04,371.53,364.96,151671,9558295,N,2001,2024-05-29,364.96,-0.017154552554331737
20240530,358.70,363.33,363.51,358.70,124276,7776925,N,2001,2024-05-30,358.7,-0.017152564664620784
20240531,358.21,362.02,362.81,358.12,234124,12905312,N,2001,2024-05-31,358.21,-0.0013660440479509317
20240603,365.48,361.66,367.01,361.61,174455,9658270,N,2001,2024-06-03,365.48,0.020295357471874054
20240604,362.52,363.37,365.07,362.23,169152,8564424,N,2001,2024-06-04,362.52,-0.008098938382401277
20240605,366.44,365.64,367.76,363.39,152838,9075110,N,2001,2024-06-05,366.44,0.01081319651329582
20240607,371.39,370.80,372.81,368.57,126620,8603511,N,2001,2024-06-07,371.39,0.013508350616744824
20240610,367.46,367.76,370.35,366.35,116151,8421500,N,2001,2024-06-10,367.46,-0.010581868117073734
20240611,367.71,369.61,369.90,367.15,127514,8173506,N,2001,2024-06-11,367.71,0.000680346160126355
20240612,371.12,368.43,371.71,367.90,134892,8089315,N,2001,2024-06-12,371.12,0.00927361235756452
20240613,374.75,376.93,378.81,374.65,249137,14269700,N,2001,2024-06-13,374.75,0.009781202845440706
20240614,376.00,375.76,377.68,374.50,173199,12374670,N,2001,2024-06-14,376.0,0.0033355570380253496
20240617,373.86,375.42,376.57,373.32,130798,8966752,N,2001,2024-06-17,373.86,-0.005691489361702051
20240618,377.73,377.07,378.72,376.12,158166,9655602,N,2001,2024-06-18,377.73,0.010351468464131042
20240619,383.01,381.28,383.72,381.21,168566,10940027,N,2001,2024-06-19,383.01,0.013978238424271261
20240620,384.78,383.86,385.76,382.66,147360,9517283,N,2001,2024-06-20,384.78,0.0046212892613768375
20240621,380.88,382.37,382.92,379.65,175208,11252244,N,2001,2024-06-21,380.88,-0.01013566193669102
20240709,395.79,396.59,396.92,393.31,148083,8834418,N,2001,2024-07-09,395.79,0.039146187775677355
20240710,395.60,395.01,396.08,394.02,131879,8785313,N,2001,2024-07-10,395.6,-0.00048005255312155715
20240711,398.52,398.82,400.31,396.69,163312,10755930,N,2001,2024-07-11,398.52,0.007381193124367913
20240712,392.29,394.49,395.23,390.43,174145,11686775,N,2001,2024-07-12,392.29,-0.015632841513600226
20240715,393.84,394.09,395.39,391.39,165532,9887734,N,2001,2024-07-15,393.84,0.003951158581661396
20240716,395.31,393.80,396.18,393.20,164805,9826177,N,2001,2024-07-16,395.31,0.0037324801950031627
20240717,391.55,394.93,395.48,391.22,197253,10848925,N,2001,2024-07-17,391.55,-0.009511522602514422
20240718,389.00,385.24,389.00,384.53,269874,12951586,N,2001,2024-07-18,389.0,-0.006512578214787457
20240719,383.89,385.02,385.71,381.21,127880,7830651,N,2001,2024-07-19,383.89,-0.013136246786632388
20240722,379.84,383.44,384.25,378.06,127340,8439947,N,2001,2024-07-22,379.84,-0.010549897105941786
20240723,381.65,383.80,384.91,380.40,151505,9597079,N,2001,2024-07-23,381.65,0.004765164279696643
20240724,378.66,378.58,381.95,377.38,137359,8965386,N,2001,2024-07-24,378.66,-0.007834403249050048
20240725,371.26,372.91,374.00,370.53,156498,11764005,N,2001,2024-07-25,371.26,-0.019542597580943455
20240726,374.20,373.44,375.19,371.74,195050,10870094,N,2001,2024-07-26,374.2,0.007918978613370653
20240729,378.73,376.85,380.44,375.87,146379,8515529,N,2001,2024-07-29,378.73,0.012105825761624889
20240730,374.87,375.39,376.47,373.54,139029,7818584,N,2001,2024-07-30,374.87,-0.010191957331080248
20240731,380.49,376.01,380.49,374.01,151711,9578593,N,2001,2024-07-31,380.49,0.014991863846133269
20240801,380.54,383.68,384.54,380.47,123740,8520520,N,2001,2024-08-01,380.54,0.0001314094982785008
20240802,365.17,371.76,372.84,363.89,155244,10438095,N,2001,2024-08-02,365.17,-0.04038997214484685
20240805,331.86,355.28,355.28,324.52,263543,15471730,N,2001,2024-08-05,331.86,-0.091217788974998
20240806,341.73,345.63,350.72,338.20,205544,12965268,N,2001,2024-08-06,341.73,0.029741457241005298
20240807,349.09,340.91,352.72,340.08,159270,10983731,N,2001,2024-08-07,349.09,0.021537471102917483
20240808,346.70,343.26,348.89,341.56,159523,9311413,N,2001,2024-08-08,346.7,-0.006846371995760325
20240809,351.52,353.82,353.86,349.73,125052,7625980,N,2001,2024-08-09,351.52,0.013902509374098537
20240812,355.61,353.64,356.60,353.25,98129,6045279,N,2001,2024-08-12,355.61,0.011635184342285054
20240813,357.02,356.97,358.69,354.70,110037,6943757,N,2001,2024-08-13,357.02,0.003965017856640607
20240814,360.39,361.11,362.07,358.88,103713,6793451,N,2001,2024-08-14,360.39,0.009439247101002746
20240816,369.11,368.35,369.36,366.27,125765,8830741,N,2001,2024-08-16,369.11,0.024196009878187485
20240819,365.52,369.09,369.13,364.01,106594,6557591,N,2001,2024-08-19,365.52,-0.009726097911191833
20240820,368.99,369.39,370.67,367.64,105935,6484602,N,2001,2024-08-20,368.99,0.009493324578682572
20240821,368.22,367.09,369.02,366.53,107344,7362605,N,2001,2024-08-21,368.22,-0.0020867774194421873
20240822,369.10,369.71,369.81,366.64,103891,6929622,N,2001,2024-08-22,369.1,0.0023898756178371006
20240823,367.91,366.78,369.79,366.40,96374,6825084,N,2001,2024-08-23,367.91,-0.0032240585207260475
20240826,366.31,370.01,370.36,365.26,114476,7513277,N,2001,2024-08-26,366.31,-0.004348889674105183
20240827,364.56,365.94,366.35,363.62,95285,6637580,N,2001,2024-08-27,364.56,-0.004777374355054431
20240828,365.28,364.76,365.40,362.06,119870,9326131,N,2001,2024-08-28,365.28,0.0019749835418036987
20240829,360.10,359.58,361.59,358.23,121370,9841461,N,2001,2024-08-29,360.1,-0.014180902321506705
20240830,361.55,362.21,363.55,361.11,135280,9026178,N,2001,2024-08-30,361.55,0.00402665926131629
20240902,362.09,362.57,363.10,358.39,100649,7427392,N,2001,2024-09-02,362.09,0.001493569354169555
20240903,358.80,362.00,363.87,358.80,105622,7428807,N,2001,2024-09-03,358.8,-0.009086138805269317
20240904,346.66,348.19,351.04,346.30,138921,9303133,N,2001,2024-09-04,346.66,-0.03383500557413599
20240905,345.92,348.96,351.36,344.09,139085,8533687,N,2001,2024-09-05,345.92,-0.002134656435700766
20240906,342.37,346.14,346.25,340.08,107604,7027056,N,2001,2024-09-06,342.37,-0.0102624884366328
20240909,340.18,335.79,341.44,334.57,99146,6416485,N,2001,2024-09-09,340.18,-0.006396588486140664
20240910,338.48,340.68,341.50,338.15,104431,7129982,N,2001,2024-09-10,338.48,-0.004997354341819027
20240911,335.65,338.08,338.32,332.72,124649,8217056,N,2001,2024-09-11,335.65,-0.008360907586859034
20240912,343.85,340.94,343.85,339.23,144257,9758620,N,2001,2024-09-12,343.85,0.0244302100402205
20240913,343.69,343.47,345.27,342.05,104055,7054890,N,2001,2024-09-13,343.69,-0.00046531917987502336
20240919,343.28,345.58,346.24,338.56,154544,11266533,N,2001,2024-09-19,343.28,-0.001192935494195413
20240920,344.67,346.77,348.89,344.54,171811,12128787,N,2001,2024-09-20,344.67,0.004049172687019542
20241014,349.74,346.48,350.56,346.48,107005,7038158,N,2001,2024-10-14,349.74,0.014709722343110743
20241015,351.07,351.04,351.46,348.66,118796,8336886,N,2001,2024-10-15,351.07,0.0038028249556814053
20241016,347.26,346.34,349.11,345.54,133288,8490306,N,2001,2024-10-16,347.26,-0.010852536531176127
20241017,347.73,348.84,349.18,346.32,146934,8432270,N,2001,2024-10-17,347.73,0.00135345274434151
20241018,345.42,348.59,349.24,344.72,106415,7200954,N,2001,2024-10-18,345.42,-0.006643085152273298
20241021,346.62,346.25,348.62,345.12,103207,6792100,N,2001,2024-10-21,346.62,0.003474031613687645
20241022,342.09,346.16,346.73,341.55,126783,7658949,N,2001,2024-10-22,342.09,-0.01306906698978716
20241023,346.27,342.44,347.75,341.24,123455,7871852,N,2001,2024-10-23,346.27,0.012219006694144774
20241024,342.88,344.61,345.97,342.67,124377,8333766,N,2001,2024-10-24,342.88,-0.009790048228261128
20241025,343.37,345.04,347.25,342.34,132302,8684928,N,2001,2024-10-25,343.37,0.001429071395240289
20241028,347.27,344.07,347.53,343.74,120391,7559195,N,2001,2024-10-28,347.27,0.011358010309578503
20241029,348.28,346.59,348.28,344.56,134509,7875682,N,2001,2024-10-29,348.28,0.0029083998041870007
20241030,345.00,346.65,347.79,343.85,128038,7459147,N,2001,2024-10-30,345.0,-0.00941770988859536
20241031,339.32,342.20,343.30,339.18,147442,9235509,N,2001,2024-10-31,339.32,-0.01646376811594208
20241101,337.49,337.56,339.93,336.58,104589,6352550,N,2001,2024-11-01,337.49,-0.005393139219615706
20241104,343.60,338.42,343.60,337.80,99332,6618146,N,2001,2024-11-04,343.6,0.018104240125633497
20241105,341.47,340.72,342.88,339.78,88170,5883242,N,2001,2024-11-05,341.47,-0.006199068684516917
20241106,340.61,343.52,343.81,337.61,132090,8621669,N,2001,2024-11-06,340.61,-0.0025185228570592244
20241107,340.87,339.69,343.02,337.76,167225,8853345,N,2001,2024-11-07,340.87,0.0007633363671060156
20241108,339.71,343.78,344.56,338.82,139532,8056942,N,2001,2024-11-08,339.71,-0.003403056883856115
20241111,334.64,338.62,338.62,333.76,168968,8905836,N,2001,2024-11-11,334.64,-0.01492449442171262
20241112,327.31,333.67,334.30,327.07,173529,9885967,N,2001,2024-11-12,327.31,-0.02190413578771211
20241113,318.84,325.38,327.20,318.58,171262,9148370,N,2001,2024-11-13,318.84,-0.025877608383489736
20241114,317.70,320.32,321.87,316.99,213656,11284882,N,2001,2024-11-14,317.7,-0.003575461046292805
20241115,320.53,318.19,322.58,316.14,177516,10097570,N,2001,2024-11-15,320.53,0.008907774630154242
20241118,328.44,324.74,330.32,324.07,159108,9053114,N,2001,2024-11-18,328.44,0.024677877265778525
20241119,328.11,328.17,329.76,327.25,141856,7766471,N,2001,2024-11-19,328.11,-0.0010047497259773053
20241120,329.02,328.73,330.33,327.58,109860,6316936,N,2001,2024-11-20,329.02,0.0027734601200815057
20241121,329.49,327.74,331.81,327.67,116359,6673441,N,2001,2024-11-21,329.49,0.001428484590602519
20241122,332.36,331.20,334.00,330.84,113347,6214495,N,2001,2024-11-22,332.36,0.00871043127257276
20241125,336.63,335.66,337.81,334.14,213359,11486719,N,2001,2024-11-25,336.63,0.01284751474304957
20241126,335.60,334.79,336.16,334.08,133015,6974985,N,2001,2024-11-26,335.6,-0.00305973917951452
20241127,332.32,334.85,335.63,331.56,121769,7086446,N,2001,2024-11-27,332.32,-0.009773539928486397
20241128,331.45,331.60,333.27,330.89,102689,6200567,N,2001,2024-11-28,331.45,-0.0026179585941261685
20241129,325.45,330.18,330.30,323.55,134813,7572809,N,2001,2024-11-29,325.45,-0.018102277869965322
20241202,325.34,328.47,328.89,324.49,117601,6427834,N,2001,2024-12-02,325.34,-0.0003379935473959428
20241203,331.44,327.45,331.60,327.45,129914,7416340,N,2001,2024-12-03,331.44,0.01874961578656187
20241204,326.59,324.38,329.01,323.90,217710,10884874,N,2001,2024-12-04,326.59,-0.014633116099444954
20241205,323.87,327.44,327.44,322.80,144867,7964409,N,2001,2024-12-05,323.87,-0.00832848525674379
20241206,322.07,325.18,326.21,317.70,156241,8668126,N,2001,2024-12-06,322.07,-0.0055577855312316515
20241209,313.74,317.30,318.70,313.51,151027,8187810,N,2001,2024-12-09,313.74,-0.02586394262116931
20241210,320.79,317.02,321.11,317.00,139126,7347452,N,2001,2024-12-10,320.79,0.022470835723847893
20241211,323.86,319.56,323.99,319.36,104236,5815276,N,2001,2024-12-11,323.86,0.009570123756974969
20241212,329.04,325.84,330.10,324.79,173967,9959935,N,2001,2024-12-12,329.04,0.015994565553016704
20241213,330.49,328.14,331.67,327.46,115703,6863314,N,2001,2024-12-13,330.49,0.004406759056649667
20241216,329.61,332.92,333.59,328.63,108947,6243980,N,2001,2024-12-16,329.61,-0.0026627129413900885
20241217,325.25,329.25,329.38,324.90,125129,7197058,N,2001,2024-12-17,325.25,-0.013227754012317683
20241218,329.72,326.00,330.90,325.90,96323,6807234,N,2001,2024-12-18,329.72,0.01374327440430445
20241219,322.38,321.42,324.37,321.11,104149,6476257,N,2001,2024-12-19,322.38,-0.0222613126288973
20241220,318.33,321.38,321.80,315.82,124964,6979605,N,2001,2024-12-20,318.33,-0.012562814070351758
20241223,322.98,321.00,324.00,319.77,100605,5539837,N,2001,2024-12-23,322.98,0.0146074828008671
20241224,323.39,324.11,324.50,321.86,78513,4465302,N,2001,2024-12-24,323.39,0.0012694284475818218
20241226,321.45,324.48,324.48,321.42,92611,4970936,N,2001,2024-12-26,321.45,-0.0059989486378675405
20241227,319.03,320.24,321.30,316.91,86737,4734300,N,2001,2024-12-27,319.03,-0.007528386996422554
20241230,317.82,318.13,322.20,316.94,73580,4188709,N,2001,2024-12-30,317.82,-0.003792746763627175
